x, f(x), f'(x)
  0.00000000e+00,  0.00000000e+00,  9.95239759e-01
  1.88495559e-02,  1.87598275e-02,  9.90384864e-01
  3.76991118e-02,  3.73366298e-02,  9.80535471e-01
  5.65486678e-02,  5.57251439e-02,  9.70410057e-01
  7.53982237e-02,  7.39202270e-02,  9.60015015e-01
  9.42477796e-02,  9.19168573e-02,  9.49356779e-01
  1.13097336e-01,  1.09710134e-01,  9.38441825e-01
  1.31946891e-01,  1.27295281e-01,  9.27276660e-01
  1.50796447e-01,  1.44667641e-01,  9.15867826e-01
  1.69646003e-01,  1.61822684e-01,  9.04221897e-01
  1.88495559e-01,  1.78756003e-01,  8.92345472e-01
  2.07345115e-01,  1.95463316e-01,  8.80245176e-01
  2.26194671e-01,  2.11940465e-01,  8.67927654e-01
  2.45044227e-01,  2.28183418e-01,  8.55399573e-01
  2.63893783e-01,  2.44188269e-01,  8.42667615e-01
  2.82743339e-01,  2.59951238e-01,  8.29738476e-01
  3.01592895e-01,  2.75468672e-01,  8.16618863e-01
  3.20442451e-01,  2.90737044e-01,  8.03315493e-01
  3.39292007e-01,  3.05752953e-01,  7.89835088e-01
  3.58141563e-01,  3.20513126e-01,  7.76184374e-01
  3.76991118e-01,  3.35014415e-01,  7.62370077e-01
  3.95840674e-01,  3.49253800e-01,  7.48398921e-01
  4.14690230e-01,  3.63228389e-01,  7.34277628e-01
  4.33539786e-01,  3.76935415e-01,  7.20012913e-01
  4.52389342e-01,  3.90372237e-01,  7.05611478e-01
  4.71238898e-01,  4.03536341e-01,  6.91080020e-01
  4.90088454e-01,  4.16425340e-01,  6.76425216e-01
  5.08938010e-01,  4.29036971e-01,  6.61653730e-01
  5.27787566e-01,  4.41369098e-01,  6.46772207e-01
  5.46637122e-01,  4.53419708e-01,  6.31787270e-01
  5.65486678e-01,  4.65186916e-01,  6.16705520e-01
  5.84336234e-01,  4.76668959e-01,  6.01533531e-01
  6.03185789e-01,  4.87864196e-01,  5.86277851e-01
  6.22035345e-01,  4.98771113e-01,  5.70944996e-01
  6.40884901e-01,  5.09388316e-01,  5.55541452e-01
  6.59734457e-01,  5.19714532e-01,  5.40073669e-01
  6.78584013e-01,  5.29748613e-01,  5.24548061e-01
  6.97433569e-01,  5.39489528e-01,  5.08971004e-01
  7.16283125e-01,  5.48936368e-01,  4.93348833e-01
  7.35132681e-01,  5.58088341e-01,  4.77687842e-01
  7.53982237e-01,  5.66944775e-01,  4.61994278e-01
  7.72831793e-01,  5.75505115e-01,  4.46274344e-01
  7.91681349e-01,  5.83768922e-01,  4.30534194e-01
  8.10530905e-01,  5.91735872e-01,  4.14779931e-01
  8.29380461e-01,  5.99405757e-01,  3.99017606e-01
  8.48230016e-01,  6.06778481e-01,  3.83253219e-01
  8.67079572e-01,  6.13854063e-01,  3.67492710e-01
  8.85929128e-01,  6.20632630e-01,  3.51741967e-01
  9.04778684e-01,  6.27114423e-01,  3.36006814e-01
  9.23628240e-01,  6.33299789e-01,  3.20293018e-01
  9.42477796e-01,  6.39189185e-01,  3.04606282e-01
  9.61327352e-01,  6.44783175e-01,  2.88952247e-01
  9.80176908e-01,  6.50082428e-01,  2.73336488e-01
  9.99026464e-01,  6.55087718e-01,  2.57764513e-01
  1.01787602e+00,  6.59799921e-01,  2.42241761e-01
  1.03672558e+00,  6.64220017e-01,  2.26773604e-01
  1.05557513e+00,  6.68349085e-01,  2.11365340e-01
  1.07442469e+00,  6.72188303e-01,  1.96022199e-01
  1.09327424e+00,  6.75738947e-01,  1.80749333e-01
  1.11212380e+00,  6.79002392e-01,  1.65551821e-01
  1.13097336e+00,  6.81980104e-01,  1.50434668e-01
  1.14982291e+00,  6.84673645e-01,  1.35402799e-01
  1.16867247e+00,  6.87084669e-01,  1.20461062e-01
  1.18752202e+00,  6.89214920e-01,  1.05614225e-01
  1.20637158e+00,  6.91066232e-01,  9.08669771e-02
  1.22522113e+00,  6.92640525e-01,  7.62239246e-02
  1.24407069e+00,  6.93939806e-01,  6.16895919e-02
  1.26292025e+00,  6.94966167e-01,  4.72684201e-02
  1.28176980e+00,  6.95721783e-01,  3.29647661e-02
  1.30061936e+00,  6.96208910e-01,  1.87829018e-02
  1.31946891e+00,  6.96429882e-01,  4.72701337e-03
  1.33831847e+00,  6.96387114e-01, -9.19879984e-03
  1.35716803e+00,  6.96083096e-01, -2.29905257e-02
  1.37601758e+00,  6.95520392e-01, -3.66442400e-02
  1.39486714e+00,  6.94701640e-01, -5.01561074e-02
  1.41371669e+00,  6.93629551e-01, -6.35223816e-02
  1.43256625e+00,  6.92306903e-01, -7.67394064e-02
  1.45141581e+00,  6.90736543e-01, -8.98036157e-02
  1.47026536e+00,  6.88921386e-01, -1.02711534e-01
  1.48911492e+00,  6.86864410e-01, -1.15459779e-01
  1.50796447e+00,  6.84568655e-01, -1.28045057e-01
  1.52681403e+00,  6.82037225e-01, -1.40464169e-01
  1.54566359e+00,  6.79273281e-01, -1.52714007e-01
  1.56451314e+00,  6.76280042e-01, -1.64791557e-01
  1.58336270e+00,  6.73060785e-01, -1.76693897e-01
  1.60221225e+00,  6.69618840e-01, -1.88418198e-01
  1.62106181e+00,  6.65957587e-01, -1.99961725e-01
  1.63991137e+00,  6.62080460e-01, -2.11321837e-01
  1.65876092e+00,  6.57990941e-01, -2.22495986e-01
  1.67761048e+00,  6.53692559e-01, -2.33481718e-01
  1.69646003e+00,  6.49188888e-01, -2.44276674e-01
  1.71530959e+00,  6.44483545e-01, -2.54878585e-01
  1.73415914e+00,  6.39580191e-01, -2.65285281e-01
  1.75300870e+00,  6.34482526e-01, -2.75494681e-01
  1.77185826e+00,  6.29194287e-01, -2.85504802e-01
  1.79070781e+00,  6.23719248e-01, -2.95313751e-01
  1.80955737e+00,  6.18061221e-01, -3.04919729e-01
  1.82840692e+00,  6.12224045e-01, -3.14321032e-01
  1.84725648e+00,  6.06211597e-01, -3.23516047e-01
  1.86610604e+00,  6.00027778e-01, -3.32503254e-01
  1.88495559e+00,  5.93676519e-01, -3.41281226e-01
  1.90380515e+00,  5.87161779e-01, -3.49848628e-01
  1.92265470e+00,  5.80487537e-01, -3.58204216e-01
  1.94150426e+00,  5.73657798e-01, -3.66346837e-01
  1.96035382e+00,  5.66676587e-01, -3.74275429e-01
  1.97920337e+00,  5.59547947e-01, -3.81989022e-01
  1.99805293e+00,  5.52275940e-01, -3.89486734e-01
  2.01690248e+00,  5.44864643e-01, -3.96767773e-01
  2.03575204e+00,  5.37318147e-01, -4.03831436e-01
  2.05460160e+00,  5.29640556e-01, -4.10677107e-01
  2.07345115e+00,  5.21835985e-01, -4.17304261e-01
  2.09230071e+00,  5.13908556e-01, -4.23712455e-01
  2.11115026e+00,  5.05862402e-01, -4.29901337e-01
  2.12999982e+00,  4.97701658e-01, -4.35870639e-01
  2.14884938e+00,  4.89430466e-01, -4.41620178e-01
  2.16769893e+00,  4.81052969e-01, -4.47149854e-01
  2.18654849e+00,  4.72573313e-01, -4.52459652e-01
  2.20539804e+00,  4.63995642e-01, -4.57549641e-01
  2.22424760e+00,  4.55324098e-01, -4.62419969e-01
  2.24309715e+00,  4.46562820e-01, -4.67070867e-01
  2.26194671e+00,  4.37715941e-01, -4.71502647e-01
  2.28079627e+00,  4.28787589e-01, -4.75715697e-01
  2.29964582e+00,  4.19781882e-01, -4.79710488e-01
  2.31849538e+00,  4.10702930e-01, -4.83487565e-01
  2.33734493e+00,  4.01554830e-01, -4.87047552e-01
  2.35619449e+00,  3.92341670e-01, -4.90391148e-01
  2.37504405e+00,  3.83067520e-01, -4.93519126e-01
  2.39389360e+00,  3.73736437e-01, -4.96432333e-01
  2.41274316e+00,  3.64352461e-01, -4.99131690e-01
  2.43159271e+00,  3.54919615e-01, -5.01618188e-01
  2.45044227e+00,  3.45441901e-01, -5.03892890e-01
  2.46929183e+00,  3.35923301e-01, -5.05956928e-01
  2.48814138e+00,  3.26367774e-01, -5.07811502e-01
  2.50699094e+00,  3.16779258e-01, -5.09457881e-01
  2.52584049e+00,  3.07161665e-01, -5.10897400e-01
  2.54469005e+00,  2.97518880e-01, -5.12131456e-01
  2.56353961e+00,  2.87854764e-01, -5.13161515e-01
  2.58238916e+00,  2.78173147e-01, -5.13989103e-01
  2.60123872e+00,  2.68477831e-01, -5.14615807e-01
  2.62008827e+00,  2.58772588e-01, -5.15043278e-01
  2.63893783e+00,  2.49061157e-01, -5.15273223e-01
  2.65778738e+00,  2.39347245e-01, -5.15307410e-01
  2.67663694e+00,  2.29634525e-01, -5.15147660e-01
  2.69548650e+00,  2.19926636e-01, -5.14795854e-01
  2.71433605e+00,  2.10227179e-01, -5.14253925e-01
  2.73318561e+00,  2.00539720e-01, -5.13523861e-01
  2.75203516e+00,  1.90867785e-01, -5.12607700e-01
  2.77088472e+00,  1.81214865e-01, -5.11507533e-01
  2.78973428e+00,  1.71584406e-01, -5.10225499e-01
  2.80858383e+00,  1.61979816e-01, -5.08763785e-01
  2.82743339e+00,  1.52404463e-01, -5.07124626e-01
  2.84628294e+00,  1.42861668e-01, -5.05310303e-01
  2.86513250e+00,  1.33354713e-01, -5.03323141e-01
  2.88398206e+00,  1.23886833e-01, -5.01165507e-01
  2.90283161e+00,  1.14461219e-01, -4.98839811e-01
  2.92168117e+00,  1.05081015e-01, -4.96348504e-01
  2.94053072e+00,  9.57493209e-02, -4.93694074e-01
  2.95938028e+00,  8.64691870e-02, -4.90879051e-01
  2.97822984e+00,  7.72436167e-02, -4.87905997e-01
  2.99707939e+00,  6.80755643e-02, -4.84777512e-01
  3.01592895e+00,  5.89679350e-02, -4.81496231e-01
  3.03477850e+00,  4.99235840e-02, -4.78064818e-01
  3.05362806e+00,  4.09453160e-02, -4.74485971e-01
  3.07247762e+00,  3.20358844e-02, -4.70762419e-01
  3.09132717e+00,  2.31979909e-02, -4.66896917e-01
  3.11017673e+00,  1.44342853e-02, -4.62892249e-01
  3.12902628e+00,  5.74736424e-03, -4.58751227e-01
  3.14787584e+00, -2.86022853e-03, -4.54476683e-01
  3.16672539e+00, -1.13860031e-02, -4.50071478e-01
  3.18557495e+00, -1.98275235e-02, -4.45538492e-01
  3.20442451e+00, -2.81824085e-02, -4.40880627e-01
  3.22327406e+00, -3.64483316e-02, -4.36100804e-01
  3.24212362e+00, -4.46230215e-02, -4.31201964e-01
  3.26097317e+00, -5.27042627e-02, -4.26187062e-01
  3.27982273e+00, -6.06898953e-02, -4.21059073e-01
  3.29867229e+00, -6.85778158e-02, -4.15820984e-01
  3.31752184e+00, -7.63659770e-02, -4.10475795e-01
  3.33637140e+00, -8.40523887e-02, -4.05026520e-01
  3.35522095e+00, -9.16351171e-02, -3.99476183e-01
  3.37407051e+00, -9.91122860e-02, -3.93827816e-01
  3.39292007e+00, -1.06482076e-01, -3.88084463e-01
  3.41176962e+00, -1.13742726e-01, -3.82249170e-01
  3.43061918e+00, -1.20892530e-01, -3.76324995e-01
  3.44946873e+00, -1.27929844e-01, -3.70314996e-01
  3.46831829e+00, -1.34853077e-01, -3.64222236e-01
  3.48716785e+00, -1.41660698e-01, -3.58049781e-01
  3.50601740e+00, -1.48351235e-01, -3.51800698e-01
  3.52486696e+00, -1.54923272e-01, -3.45478053e-01
  3.54371651e+00, -1.61375451e-01, -3.39084912e-01
  3.56256607e+00, -1.67706472e-01, -3.32624339e-01
  3.58141563e+00, -1.73915093e-01, -3.26099394e-01
  3.60026518e+00, -1.80000130e-01, -3.19513131e-01
  3.61911474e+00, -1.85960455e-01, -3.12868601e-01
  3.63796429e+00, -1.91794998e-01, -3.06168847e-01
  3.65681385e+00, -1.97502748e-01, -2.99416903e-01
  3.67566340e+00, -2.03082749e-01, -2.92615798e-01
  3.69451296e+00, -2.08534104e-01, -2.85768546e-01
  3.71336252e+00, -2.13855970e-01, -2.78878155e-01
  3.73221207e+00, -2.19047563e-01, -2.71947616e-01
  3.75106163e+00, -2.24108153e-01, -2.64979911e-01
  3.76991118e+00, -2.29037070e-01, -2.57978007e-01
  3.78876074e+00, -2.33833695e-01, -2.50944855e-01
  3.80761030e+00, -2.38497468e-01, -2.43883391e-01
  3.82645985e+00, -2.43027882e-01, -2.36796533e-01
  3.84530941e+00, -2.47424487e-01, -2.29687182e-01
  3.86415896e+00, -2.51686885e-01, -2.22558221e-01
  3.88300852e+00, -2.55814734e-01, -2.15412512e-01
  3.90185808e+00, -2.59807746e-01, -2.08252897e-01
  3.92070763e+00, -2.63665684e-01, -2.01082197e-01
  3.93955719e+00, -2.67388366e-01, -1.93903209e-01
  3.95840674e+00, -2.70975662e-01, -1.86718710e-01
  3.97725630e+00, -2.74427495e-01, -1.79531449e-01
  3.99610586e+00, -2.77743839e-01, -1.72344153e-01
  4.01495541e+00, -2.80924717e-01, -1.65159524e-01
  4.03380497e+00, -2.83970206e-01, -1.57980235e-01
  4.05265452e+00, -2.86880431e-01, -1.50808934e-01
  4.07150408e+00, -2.89655569e-01, -1.43648240e-01
  4.09035363e+00, -2.92295842e-01, -1.36500745e-01
  4.10920319e+00, -2.94801526e-01, -1.29369010e-01
  4.12805275e+00, -2.97172939e-01, -1.22255566e-01
  4.14690230e+00, -2.99410452e-01, -1.15162916e-01
  4.16575186e+00, -3.01514479e-01, -1.08093528e-01
  4.18460141e+00, -3.03485482e-01, -1.01049841e-01
  4.20345097e+00, -3.05323968e-01, -9.40342607e-02
  4.22230053e+00, -3.07030490e-01, -8.70491584e-02
  4.24115008e+00, -3.08605644e-01, -8.00968732e-02
  4.25999964e+00, -3.10050071e-01, -7.31797094e-02
  4.27884919e+00, -3.11364454e-01, -6.62999364e-02
  4.29769875e+00, -3.12549520e-01, -5.94597885e-02
  4.31654831e+00, -3.13606035e-01, -5.26614640e-02
  4.33539786e+00, -3.14534810e-01, -4.59071249e-02
  4.35424742e+00, -3.15336693e-01, -3.91988963e-02
  4.37309697e+00, -3.16012574e-01, -3.25388661e-02
  4.39194653e+00, -3.16563380e-01, -2.59290847e-02
  4.41079609e+00, -3.16990077e-01, -1.93715641e-02
  4.42964564e+00, -3.17293670e-01, -1.28682780e-02
  4.44849520e+00, -3.17475200e-01, -6.42116092e-03
  4.46734475e+00, -3.17535742e-01, -3.21084840e-05
  4.48619431e+00, -3.17476410e-01,  6.29702348e-03
  4.50504387e+00, -3.17298350e-01,  1.25644190e-02
  4.52389342e+00, -3.17002743e-01,  1.87683025e-02
  4.54274298e+00, -3.16590802e-01,  2.49069386e-02
  4.56159253e+00, -3.16063773e-01,  3.09786330e-02
  4.58044209e+00, -3.15422935e-01,  3.69817323e-02
  4.59929164e+00, -3.14669595e-01,  4.29146245e-02
  4.61814120e+00, -3.13805092e-01,  4.87757390e-02
  4.63699076e+00, -3.12830793e-01,  5.45635470e-02
  4.65584031e+00, -3.11748094e-01,  6.02765613e-02
  4.67468987e+00, -3.10558420e-01,  6.59133372e-02
  4.69353942e+00, -3.09263220e-01,  7.14724718e-02
  4.71238898e+00, -3.07863971e-01,  7.69526048e-02
  4.73123854e+00, -3.06362175e-01,  8.23524182e-02
  4.75008809e+00, -3.04759358e-01,  8.76706366e-02
  4.76893765e+00, -3.03057070e-01,  9.29060272e-02
  4.78778720e+00, -3.01256884e-01,  9.80573999e-02
  4.80663676e+00, -2.99360393e-01,  1.03123607e-01
  4.82548632e+00, -2.97369215e-01,  1.08103545e-01
  4.84433587e+00, -2.95284986e-01,  1.12996150e-01
  4.86318543e+00, -2.93109361e-01,  1.17800405e-01
  4.88203498e+00, -2.90844015e-01,  1.22515333e-01
  4.90088454e+00, -2.88490641e-01,  1.27140000e-01
  4.91973410e+00, -2.86050950e-01,  1.31673515e-01
  4.93858365e+00, -2.83526667e-01,  1.36115031e-01
  4.95743321e+00, -2.80919534e-01,  1.40463740e-01
  4.97628276e+00, -2.78231309e-01,  1.44718881e-01
  4.99513232e+00, -2.75463761e-01,  1.48879731e-01
  5.01398188e+00, -2.72618675e-01,  1.52945613e-01
  5.03283143e+00, -2.69697847e-01,  1.56915888e-01
  5.05168099e+00, -2.66703085e-01,  1.60789963e-01
  5.07053054e+00, -2.63636208e-01,  1.64567283e-01
  5.08938010e+00, -2.60499045e-01,  1.68247339e-01
  5.10822965e+00, -2.57293433e-01,  1.71829658e-01
  5.12707921e+00, -2.54021219e-01,  1.75313812e-01
  5.14592877e+00, -2.50684258e-01,  1.78699413e-01
  5.16477832e+00, -2.47284410e-01,  1.81986114e-01
  5.18362788e+00, -2.43823543e-01,  1.85173606e-01
  5.20247743e+00, -2.40303530e-01,  1.88261623e-01
  5.22132699e+00, -2.36726247e-01,  1.91249938e-01
  5.24017655e+00, -2.33093577e-01,  1.94138363e-01
  5.25902610e+00, -2.29407403e-01,  1.96926750e-01
  5.27787566e+00, -2.25669613e-01,  1.99614991e-01
  5.29672521e+00, -2.21882096e-01,  2.02203013e-01
  5.31557477e+00, -2.18046739e-01,  2.04690785e-01
  5.33442433e+00, -2.14165435e-01,  2.07078313e-01
  5.35327388e+00, -2.10240071e-01,  2.09365640e-01
  5.37212344e+00, -2.06272536e-01,  2.11552846e-01
  5.39097299e+00, -2.02264717e-01,  2.13640048e-01
  5.40982255e+00, -1.98218496e-01,  2.15627402e-01
  5.42867211e+00, -1.94135755e-01,  2.17515096e-01
  5.44752166e+00, -1.90018370e-01,  2.19303356e-01
  5.46637122e+00, -1.85868213e-01,  2.20992443e-01
  5.48522077e+00, -1.81687151e-01,  2.22582652e-01
  5.50407033e+00, -1.77477045e-01,  2.24074315e-01
  5.52291989e+00, -1.73239749e-01,  2.25467794e-01
  5.54176944e+00, -1.68977109e-01,  2.26763487e-01
  5.56061900e+00, -1.64690967e-01,  2.27961825e-01
  5.57946855e+00, -1.60383151e-01,  2.29063270e-01
  5.59831811e+00, -1.56055485e-01,  2.30068318e-01
  5.61716766e+00, -1.51709780e-01,  2.30977495e-01
  5.63601722e+00, -1.47347838e-01,  2.31791359e-01
  5.65486678e+00, -1.42971451e-01,  2.32510498e-01
  5.67371633e+00, -1.38582399e-01,  2.33135531e-01
  5.69256589e+00, -1.34182449e-01,  2.33667106e-01
  5.71141544e+00, -1.29773357e-01,  2.34105899e-01
  5.73026500e+00, -1.25356864e-01,  2.34452615e-01
  5.74911456e+00, -1.20934701e-01,  2.34707990e-01
  5.76796411e+00, -1.16508582e-01,  2.34872782e-01
  5.78681367e+00, -1.12080206e-01,  2.34947781e-01
  5.80566322e+00, -1.07651259e-01,  2.34933800e-01
  5.82451278e+00, -1.03223410e-01,  2.34831679e-01
  5.84336234e+00, -9.87983133e-02,  2.34642283e-01
  5.86221189e+00, -9.43776047e-02,  2.34366503e-01
  5.88106145e+00, -8.99629043e-02,  2.34005251e-01
  5.89991100e+00, -8.55558146e-02,  2.33559467e-01
  5.91876056e+00, -8.11579199e-02,  2.33030109e-01
  5.93761012e+00, -7.67707864e-02,  2.32418161e-01
  5.95645967e+00, -7.23959616e-02,  2.31724628e-01
  5.97530923e+00, -6.80349738e-02,  2.30950535e-01
  5.99415878e+00, -6.36893316e-02,  2.30096929e-01
  6.01300834e+00, -5.93605239e-02,  2.29164877e-01
  6.03185789e+00, -5.50500193e-02,  2.28155464e-01
  6.05070745e+00, -5.07592656e-02,  2.27069796e-01
  6.06955701e+00, -4.64896896e-02,  2.25908996e-01
  6.08840656e+00, -4.22426970e-02,  2.24674205e-01
  6.10725612e+00, -3.80196717e-02,  2.23366580e-01
  6.12610567e+00, -3.38219754e-02,  2.21987297e-01
  6.14495523e+00, -2.96509477e-02,  2.20537545e-01
  6.16380479e+00, -2.55079058e-02,  2.19018531e-01
  6.18265434e+00, -2.13941436e-02,  2.17431475e-01
  6.20150390e+00, -1.73109323e-02,  2.15777611e-01
  6.22035345e+00, -1.32595193e-02,  2.14058188e-01
  6.23920301e+00, -9.24112873e-03,  2.12274466e-01
  6.25805257e+00, -5.25696050e-03,  2.10427720e-01
  6.27690212e+00, -1.30819059e-03,  2.08519233e-01
  6.29575168e+00,  2.60402938e-03,  2.06550303e-01
  6.31460123e+00,  6.47857236e-03,  2.04522235e-01
  6.33345079e+00,  1.03143360e-02,  2.02436347e-01
  6.35230035e+00,  1.41102429e-02,  2.00293966e-01
  6.37114990e+00,  1.78652406e-02,  1.98096424e-01
  6.38999946e+00,  2.15783021e-02,  1.95845067e-01
  6.40884901e+00,  2.52484257e-02,  1.93541245e-01
  6.42769857e+00,  2.88746352e-02,  1.91186314e-01
  6.44654813e+00,  3.24559799e-02,  1.88781640e-01
  6.46539768e+00,  3.59915353e-02,  1.86328593e-01
  6.48424724e+00,  3.94804024e-02,  1.83828548e-01
  6.50309679e+00,  4.29217083e-02,  1.81282885e-01
  6.52194635e+00,  4.63146062e-02,  1.78692989e-01
  6.54079590e+00,  4.96582753e-02,  1.76060248e-01
  6.55964546e+00,  5.29519212e-02,  1.73386053e-01
  6.57849502e+00,  5.61947755e-02,  1.70671797e-01
  6.59734457e+00,  5.93860963e-02,  1.67918876e-01
  6.61619413e+00,  6.25251680e-02,  1.65128687e-01
  6.63504368e+00,  6.56113011e-02,  1.62302628e-01
  6.65389324e+00,  6.86438329e-02,  1.59442097e-01
  6.67274280e+00,  7.16221266e-02,  1.56548493e-01
  6.69159235e+00,  7.45455721e-02,  1.53623213e-01
  6.71044191e+00,  7.74135853e-02,  1.50667654e-01
  6.72929146e+00,  8.02256088e-02,  1.47683208e-01
  6.74814102e+00,  8.29811111e-02,  1.44671270e-01
  6.76699058e+00,  8.56795872e-02,  1.41633229e-01
  6.78584013e+00,  8.83205580e-02,  1.38570470e-01
  6.80468969e+00,  9.09035708e-02,  1.35484377e-01
  6.82353924e+00,  9.34281987e-02,  1.32376328e-01
  6.84238880e+00,  9.58940408e-02,  1.29247697e-01
  6.86123836e+00,  9.83007221e-02,  1.26099851e-01
  6.88008791e+00,  1.00647893e-01,  1.22934155e-01
  6.89893747e+00,  1.02935231e-01,  1.19751966e-01
  6.91778702e+00,  1.05162436e-01,  1.16554632e-01
  6.93663658e+00,  1.07329237e-01,  1.13343499e-01
  6.95548614e+00,  1.09435385e-01,  1.10119901e-01
  6.97433569e+00,  1.11480659e-01,  1.06885167e-01
  6.99318525e+00,  1.13464861e-01,  1.03640618e-01
  7.01203480e+00,  1.15387818e-01,  1.00387563e-01
  7.03088436e+00,  1.17249383e-01,  9.71273045e-02
  7.04973391e+00,  1.19049432e-01,  9.38611359e-02
  7.06858347e+00,  1.20787865e-01,  9.05903395e-02
  7.08743303e+00,  1.22464607e-01,  8.73161875e-02
  7.10628258e+00,  1.24079607e-01,  8.40399417e-02
  7.12513214e+00,  1.25632838e-01,  8.07628526e-02
  7.14398169e+00,  1.27124295e-01,  7.74861595e-02
  7.16283125e+00,  1.28553997e-01,  7.42110898e-02
  7.18168081e+00,  1.29921987e-01,  7.09388587e-02
  7.20053036e+00,  1.31228329e-01,  6.76706692e-02
  7.21937992e+00,  1.32473111e-01,  6.44077112e-02
  7.23822947e+00,  1.33656443e-01,  6.11511617e-02
  7.25707903e+00,  1.34778456e-01,  5.79021841e-02
  7.27592859e+00,  1.35839304e-01,  5.46619281e-02
  7.29477814e+00,  1.36839162e-01,  5.14315295e-02
  7.31362770e+00,  1.37778227e-01,  4.82121093e-02
  7.33247725e+00,  1.38656716e-01,  4.50047743e-02
  7.35132681e+00,  1.39474867e-01,  4.18106163e-02
  7.37017637e+00,  1.40232939e-01,  3.86307116e-02
  7.38902592e+00,  1.40931210e-01,  3.54661215e-02
  7.40787548e+00,  1.41569980e-01,  3.23178912e-02
  7.42672503e+00,  1.42149566e-01,  2.91870503e-02
  7.44557459e+00,  1.42670306e-01,  2.60746118e-02
  7.46442414e+00,  1.43132556e-01,  2.29815726e-02
  7.48327370e+00,  1.43536691e-01,  1.99089129e-02
  7.50212326e+00,  1.43883104e-01,  1.68575959e-02
  7.52097281e+00,  1.44172207e-01,  1.38285680e-02
  7.53982237e+00,  1.44404429e-01,  1.08227581e-02
  7.55867192e+00,  1.44580216e-01,  7.84107787e-03
  7.57752148e+00,  1.44700031e-01,  4.88442117e-03
  7.59637104e+00,  1.44764354e-01,  1.95366419e-03
  7.61522059e+00,  1.44773682e-01, -9.50334865e-04
  7.63407015e+00,  1.44728527e-01, -3.82673587e-03
  7.65291970e+00,  1.44629417e-01, -6.67471699e-03
  7.67176926e+00,  1.44476896e-01, -9.49347473e-03
  7.69061882e+00,  1.44271522e-01, -1.22822241e-02
  7.70946837e+00,  1.44013867e-01, -1.50401989e-02
  7.72831793e+00,  1.43704520e-01, -1.77666515e-02
  7.74716748e+00,  1.43344080e-01, -2.04608531e-02
  7.76601704e+00,  1.42933164e-01, -2.31220941e-02
  7.78486660e+00,  1.42472398e-01, -2.57496838e-02
  7.80371615e+00,  1.41962424e-01, -2.83429504e-02
  7.82256571e+00,  1.41403894e-01, -3.09012417e-02
  7.84141526e+00,  1.40797474e-01, -3.34239245e-02
  7.86026482e+00,  1.40143842e-01, -3.59103849e-02
  7.87911438e+00,  1.39443685e-01, -3.83600286e-02
  7.89796393e+00,  1.38697703e-01, -4.07722806e-02
  7.91681349e+00,  1.37906606e-01, -4.31465851e-02
  7.93566304e+00,  1.37071115e-01, -4.54824061e-02
  7.95451260e+00,  1.36191959e-01, -4.77792270e-02
  7.97336215e+00,  1.35269880e-01, -5.00365505e-02
  7.99221171e+00,  1.34305626e-01, -5.22538992e-02
  8.01106127e+00,  1.33299955e-01, -5.44308148e-02
  8.02991082e+00,  1.32253633e-01, -5.65668586e-02
  8.04876038e+00,  1.31167434e-01, -5.86616117e-02
  8.06760993e+00,  1.30042142e-01, -6.07146741e-02
  8.08645949e+00,  1.28878545e-01, -6.27256656e-02
  8.10530905e+00,  1.27677440e-01, -6.46942253e-02
  8.12415860e+00,  1.26439630e-01, -6.66200115e-02
  8.14300816e+00,  1.25165925e-01, -6.85027019e-02
  8.16185771e+00,  1.23857139e-01, -7.03419934e-02
  8.18070727e+00,  1.22514094e-01, -7.21376020e-02
  8.19955683e+00,  1.21137616e-01, -7.38892628e-02
  8.21840638e+00,  1.19728534e-01, -7.55967300e-02
  8.23725594e+00,  1.18287686e-01, -7.72597766e-02
  8.25610549e+00,  1.16815910e-01, -7.88781943e-02
  8.27495505e+00,  1.15314048e-01, -8.04517938e-02
  8.29380461e+00,  1.13782948e-01, -8.19804042e-02
  8.31265416e+00,  1.12223460e-01, -8.34638732e-02
  8.33150372e+00,  1.10636434e-01, -8.49020669e-02
  8.35035327e+00,  1.09022727e-01, -8.62948696e-02
  8.36920283e+00,  1.07383195e-01, -8.76421838e-02
  8.38805239e+00,  1.05718695e-01, -8.89439299e-02
  8.40690194e+00,  1.04030087e-01, -9.02000464e-02
  8.42575150e+00,  1.02318233e-01, -9.14104892e-02
  8.44460105e+00,  1.00583993e-01, -9.25752321e-02
  8.46345061e+00,  9.88282291e-02, -9.36942661e-02
  8.48230016e+00,  9.70518025e-02, -9.47675995e-02
  8.50114972e+00,  9.52555747e-02, -9.57952577e-02
  8.51999928e+00,  9.34404064e-02, -9.67772831e-02
  8.53884883e+00,  9.16071571e-02, -9.77137347e-02
  8.55769839e+00,  8.97566853e-02, -9.86046883e-02
  8.57654794e+00,  8.78898479e-02, -9.94502358e-02
  8.59539750e+00,  8.60074998e-02, -1.00250486e-01
  8.61424706e+00,  8.41104937e-02, -1.01005562e-01
  8.63309661e+00,  8.21996798e-02, -1.01715604e-01
  8.65194617e+00,  8.02759057e-02, -1.02380769e-01
  8.67079572e+00,  7.83400158e-02, -1.03001227e-01
  8.68964528e+00,  7.63928509e-02, -1.03577164e-01
  8.70849484e+00,  7.44352487e-02, -1.04108782e-01
  8.72734439e+00,  7.24680423e-02, -1.04596297e-01
  8.74619395e+00,  7.04920612e-02, -1.05039939e-01
  8.76504350e+00,  6.85081299e-02, -1.05439953e-01
  8.78389306e+00,  6.65170686e-02, -1.05796598e-01
  8.80274262e+00,  6.45196922e-02, -1.06110147e-01
  8.82159217e+00,  6.25168103e-02, -1.06380886e-01
  8.84044173e+00,  6.05092272e-02, -1.06609115e-01
  8.85929128e+00,  5.84977414e-02, -1.06795147e-01
  8.87814084e+00,  5.64831450e-02, -1.06939309e-01
  8.89699039e+00,  5.44662244e-02, -1.07041938e-01
  8.91583995e+00,  5.24477591e-02, -1.07103386e-01
  8.93468951e+00,  5.04285219e-02, -1.07124016e-01
  8.95353906e+00,  4.84092788e-02, -1.07104202e-01
  8.97238862e+00,  4.63907886e-02, -1.07044333e-01
  8.99123817e+00,  4.43738025e-02, -1.06944806e-01
  9.01008773e+00,  4.23590644e-02, -1.06806031e-01
  9.02893729e+00,  4.03473100e-02, -1.06628427e-01
  9.04778684e+00,  3.83392674e-02, -1.06412426e-01
  9.06663640e+00,  3.63356561e-02, -1.06158470e-01
  9.08548595e+00,  3.43371874e-02, -1.05867009e-01
  9.10433551e+00,  3.23445639e-02, -1.05538505e-01
  9.12318507e+00,  3.03584795e-02, -1.05173428e-01
  9.14203462e+00,  2.83796190e-02, -1.04772260e-01
  9.16088418e+00,  2.64086583e-02, -1.04335489e-01
  9.17973373e+00,  2.44462638e-02, -1.03863614e-01
  9.19858329e+00,  2.24930923e-02, -1.03357141e-01
  9.21743285e+00,  2.05497913e-02, -1.02816584e-01
  9.23628240e+00,  1.86169984e-02, -1.02242468e-01
  9.25513196e+00,  1.66953411e-02, -1.01635321e-01
  9.27398151e+00,  1.47854371e-02, -1.00995683e-01
  9.29283107e+00,  1.28878936e-02, -1.00324098e-01
  9.31168063e+00,  1.10033077e-02, -9.96211185e-02
  9.33053018e+00,  9.13226588e-03, -9.88873028e-02
  9.34937974e+00,  7.27534417e-03, -9.81232161e-02
  9.36822929e+00,  5.43310778e-03, -9.73294293e-02
  9.38707885e+00,  3.60611113e-03, -9.65065193e-02
  9.40592840e+00,  1.79489771e-03, -9.56550685e-02
  9.42477796e+00,  3.48216897e-17, -9.47756646e-02
  9.44362752e+00, -1.77806067e-03, -9.38689001e-02
  9.46247707e+00, -3.53877416e-03, -9.29353724e-02
  9.48132663e+00, -5.28164167e-03, -9.19756834e-02
  9.50017618e+00, -7.00617574e-03, -9.09904389e-02
  9.51902574e+00, -8.71190040e-03, -8.99802490e-02
  9.53787530e+00, -1.03983512e-02, -8.89457271e-02
  9.55672485e+00, -1.20650753e-02, -8.78874903e-02
  9.57557441e+00, -1.37116315e-02, -8.68061585e-02
  9.59442396e+00, -1.53375904e-02, -8.57023547e-02
  9.61327352e+00, -1.69425342e-02, -8.45767045e-02
  9.63212308e+00, -1.85260570e-02, -8.34298357e-02
  9.65097263e+00, -2.00877649e-02, -8.22623782e-02
  9.66982219e+00, -2.16272756e-02, -8.10749639e-02
  9.68867174e+00, -2.31442190e-02, -7.98682260e-02
  9.70752130e+00, -2.46382368e-02, -7.86427993e-02
  9.72637086e+00, -2.61089827e-02, -7.73993195e-02
  9.74522041e+00, -2.75561224e-02, -7.61384231e-02
  9.76406997e+00, -2.89793336e-02, -7.48607473e-02
  9.78291952e+00, -3.03783061e-02, -7.35669295e-02
  9.80176908e+00, -3.17527415e-02, -7.22576073e-02
  9.82061864e+00, -3.31023537e-02, -7.09334180e-02
  9.83946819e+00, -3.44268684e-02, -6.95949987e-02
  9.85831775e+00, -3.57260234e-02, -6.82429857e-02
  9.87716730e+00, -3.69995684e-02, -6.68780146e-02
  9.89601686e+00, -3.82472651e-02, -6.55007196e-02
  9.91486641e+00, -3.94688873e-02, -6.41117340e-02
  9.93371597e+00, -4.06642205e-02, -6.27116893e-02
  9.95256553e+00, -4.18330623e-02, -6.13012152e-02
  9.97141508e+00, -4.29752219e-02, -5.98809395e-02
  9.99026464e+00, -4.40905205e-02, -5.84514879e-02
  1.00091142e+01, -4.51787911e-02, -5.70134834e-02
  1.00279638e+01, -4.62398782e-02, -5.55675466e-02
  1.00468133e+01, -4.72736382e-02, -5.41142951e-02
  1.00656629e+01, -4.82799391e-02, -5.26543437e-02
  1.00845124e+01, -4.92586602e-02, -5.11883037e-02
  1.01033620e+01, -5.02096927e-02, -4.97167831e-02
  1.01222115e+01, -5.11329388e-02, -4.82403862e-02
  1.01410611e+01, -5.20283124e-02, -4.67597133e-02
  1.01599106e+01, -5.28957385e-02, -4.52753610e-02
  1.01787602e+01, -5.37351533e-02, -4.37879215e-02
  1.01976098e+01, -5.45465042e-02, -4.22979827e-02
  1.02164593e+01, -5.53297497e-02, -4.08061277e-02
  1.02353089e+01, -5.60848590e-02, -3.93129351e-02
  1.02541584e+01, -5.68118124e-02, -3.78189784e-02
  1.02730080e+01, -5.75106009e-02, -3.63248262e-02
  1.02918575e+01, -5.81812261e-02, -3.48310417e-02
  1.03107071e+01, -5.88237002e-02, -3.33381827e-02
  1.03295566e+01, -5.94380460e-02, -3.18468014e-02
  1.03484062e+01, -6.00242964e-02, -3.03574442e-02
  1.03672558e+01, -6.05824947e-02, -2.88706519e-02
  1.03861053e+01, -6.11126943e-02, -2.73869590e-02
  1.04049549e+01, -6.16149587e-02, -2.59068938e-02
  1.04238044e+01, -6.20893612e-02, -2.44309785e-02
  1.04426540e+01, -6.25359849e-02, -2.29597286e-02
  1.04615035e+01, -6.29549226e-02, -2.14936531e-02
  1.04803531e+01, -6.33462765e-02, -2.00332545e-02
  1.04992026e+01, -6.37101585e-02, -1.85790281e-02
  1.05180522e+01, -6.40466894e-02, -1.71314624e-02
  1.05369018e+01, -6.43559994e-02, -1.56910389e-02
  1.05557513e+01, -6.46382276e-02, -1.42582317e-02
  1.05746009e+01, -6.48935220e-02, -1.28335077e-02
  1.05934504e+01, -6.51220394e-02, -1.14173265e-02
  1.06123000e+01, -6.53239451e-02, -1.00101400e-02
  1.06311495e+01, -6.54994128e-02, -8.61239252e-03
  1.06499991e+01, -6.56486247e-02, -7.22452071e-03
  1.06688487e+01, -6.57717708e-02, -5.84695339e-03
  1.06876982e+01, -6.58690496e-02, -4.48011148e-03
  1.07065478e+01, -6.59406671e-02, -3.12440794e-03
  1.07253973e+01, -6.59868370e-02, -1.78024766e-03
  1.07442469e+01, -6.60077808e-02, -4.48027390e-04
  1.07630964e+01, -6.60037272e-02,  8.71864317e-04
  1.07819460e+01, -6.59749123e-02,  2.17904719e-03
  1.08007955e+01, -6.59215791e-02,  3.47314931e-03
  1.08196451e+01, -6.58439777e-02,  4.75380713e-03
  1.08384947e+01, -6.57423648e-02,  6.02066561e-03
  1.08573442e+01, -6.56170039e-02,  7.27337819e-03
  1.08761938e+01, -6.54681649e-02,  8.51160689e-03
  1.08950433e+01, -6.52961239e-02,  9.73502233e-03
  1.09138929e+01, -6.51011632e-02,  1.09433038e-02
  1.09327424e+01, -6.48835711e-02,  1.21361393e-02
  1.09515920e+01, -6.46436415e-02,  1.33132255e-02
  1.09704415e+01, -6.43816743e-02,  1.44742680e-02
  1.09892911e+01, -6.40979745e-02,  1.56189808e-02
  1.10081407e+01, -6.37928526e-02,  1.67470873e-02
  1.10269902e+01, -6.34666242e-02,  1.78583191e-02
  1.10458398e+01, -6.31196098e-02,  1.89524172e-02
  1.10646893e+01, -6.27521349e-02,  2.00291312e-02
  1.10835389e+01, -6.23645293e-02,  2.10882196e-02
  1.11023884e+01, -6.19571277e-02,  2.21294498e-02
  1.11212380e+01, -6.15302687e-02,  2.31525980e-02
  1.11400875e+01, -6.10842953e-02,  2.41574496e-02
  1.11589371e+01, -6.06195544e-02,  2.51437986e-02
  1.11777867e+01, -6.01363965e-02,  2.61114478e-02
  1.11966362e+01, -5.96351760e-02,  2.70602093e-02
  1.12154858e+01, -5.91162506e-02,  2.79899037e-02
  1.12343353e+01, -5.85799815e-02,  2.89003605e-02
  1.12531849e+01, -5.80267327e-02,  2.97914181e-02
  1.12720344e+01, -5.74568714e-02,  3.06629236e-02
  1.12908840e+01, -5.68707677e-02,  3.15147332e-02
  1.13097336e+01, -5.62687940e-02,  3.23467113e-02
  1.13285831e+01, -5.56513254e-02,  3.31587316e-02
  1.13474327e+01, -5.50187393e-02,  3.39506761e-02
  1.13662822e+01, -5.43714151e-02,  3.47224355e-02
  1.13851318e+01, -5.37097343e-02,  3.54739093e-02
  1.14039813e+01, -5.30340802e-02,  3.62050054e-02
  1.14228309e+01, -5.23448377e-02,  3.69156402e-02
  1.14416804e+01, -5.16423933e-02,  3.76057387e-02
  1.14605300e+01, -5.09271348e-02,  3.82752343e-02
  1.14793796e+01, -5.01994510e-02,  3.89240686e-02
  1.14982291e+01, -4.94597320e-02,  3.95521916e-02
  1.15170787e+01, -4.87083685e-02,  4.01595618e-02
  1.15359282e+01, -4.79457522e-02,  4.07461454e-02
  1.15547778e+01, -4.71722750e-02,  4.13119172e-02
  1.15736273e+01, -4.63883296e-02,  4.18568597e-02
  1.15924769e+01, -4.55943086e-02,  4.23809637e-02
  1.16113264e+01, -4.47906049e-02,  4.28842276e-02
  1.16301760e+01, -4.39776113e-02,  4.33666578e-02
  1.16490256e+01, -4.31557204e-02,  4.38282686e-02
  1.16678751e+01, -4.23253245e-02,  4.42690818e-02
  1.16867247e+01, -4.14868153e-02,  4.46891268e-02
  1.17055742e+01, -4.06405841e-02,  4.50884407e-02
  1.17244238e+01, -3.97870212e-02,  4.54670679e-02
  1.17432733e+01, -3.89265160e-02,  4.58250602e-02
  1.17621229e+01, -3.80594571e-02,  4.61624765e-02
  1.17809725e+01, -3.71862317e-02,  4.64793833e-02
  1.17998220e+01, -3.63072256e-02,  4.67758537e-02
  1.18186716e+01, -3.54228235e-02,  4.70519682e-02
  1.18375211e+01, -3.45334082e-02,  4.73078138e-02
  1.18563707e+01, -3.36393610e-02,  4.75434847e-02
  1.18752202e+01, -3.27410611e-02,  4.77590814e-02
  1.18940698e+01, -3.18388860e-02,  4.79547114e-02
  1.19129193e+01, -3.09332110e-02,  4.81304884e-02
  1.19317689e+01, -3.00244093e-02,  4.82865326e-02
  1.19506185e+01, -2.91128517e-02,  4.84229704e-02
  1.19694680e+01, -2.81989064e-02,  4.85399346e-02
  1.19883176e+01, -2.72829392e-02,  4.86375638e-02
  1.20071671e+01, -2.63653134e-02,  4.87160027e-02
  1.20260167e+01, -2.54463892e-02,  4.87754019e-02
  1.20448662e+01, -2.45265241e-02,  4.88159177e-02
  1.20637158e+01, -2.36060725e-02,  4.88377120e-02
  1.20825653e+01, -2.26853857e-02,  4.88409521e-02
  1.21014149e+01, -2.17648119e-02,  4.88258110e-02
  1.21202645e+01, -2.08446960e-02,  4.87924668e-02
  1.21391140e+01, -1.99253793e-02,  4.87411027e-02
  1.21579636e+01, -1.90071997e-02,  4.86719070e-02
  1.21768131e+01, -1.80904916e-02,  4.85850731e-02
  1.21956627e+01, -1.71755856e-02,  4.84807990e-02
  1.22145122e+01, -1.62628085e-02,  4.83592875e-02
  1.22333618e+01, -1.53524834e-02,  4.82207459e-02
  1.22522113e+01, -1.44449293e-02,  4.80653861e-02
  1.22710609e+01, -1.35404610e-02,  4.78934242e-02
  1.22899105e+01, -1.26393897e-02,  4.77050805e-02
  1.23087600e+01, -1.17420219e-02,  4.75005794e-02
  1.23276096e+01, -1.08486600e-02,  4.72801494e-02
  1.23464591e+01, -9.95960224e-03,  4.70440228e-02
  1.23653087e+01, -9.07514216e-03,  4.67924354e-02
  1.23841582e+01, -8.19556899e-03,  4.65256268e-02
  1.24030078e+01, -7.32116736e-03,  4.62438401e-02
  1.24218574e+01, -6.45221729e-03,  4.59473216e-02
  1.24407069e+01, -5.58899414e-03,  4.56363210e-02
  1.24595565e+01, -4.73176852e-03,  4.53110909e-02
  1.24784060e+01, -3.88080626e-03,  4.49718870e-02
  1.24972556e+01, -3.03636832e-03,  4.46189679e-02
  1.25161051e+01, -2.19871080e-03,  4.42525947e-02
  1.25349547e+01, -1.36808480e-03,  4.38730315e-02
  1.25538042e+01, -5.44736475e-04,  4.34805444e-02
  1.25726538e+01,  2.71093103e-04,  4.30754022e-02
  1.25915034e+01,  1.07916793e-03,  4.26578759e-02
  1.26103529e+01,  1.87925714e-03,  4.22282385e-02
  1.26292025e+01,  2.67113502e-03,  4.17867650e-02
  1.26480520e+01,  3.45458107e-03,  4.13337323e-02
  1.26669016e+01,  4.22938001e-03,  4.08694191e-02
  1.26857511e+01,  4.99532187e-03,  4.03941056e-02
  1.27046007e+01,  5.75220192e-03,  3.99080736e-02
  1.27234502e+01,  6.49982080e-03,  3.94116063e-02
  1.27422998e+01,  7.23798447e-03,  3.89049882e-02
  1.27611494e+01,  7.96650430e-03,  3.83885047e-02
  1.27799989e+01,  8.68519700e-03,  3.78624424e-02
  1.27988485e+01,  9.39388475e-03,  3.73270890e-02
  1.28176980e+01,  1.00923951e-02,  3.67827326e-02
  1.28365476e+01,  1.07805611e-02,  3.62296623e-02
  1.28553971e+01,  1.14582212e-02,  3.56681676e-02
  1.28742467e+01,  1.21252193e-02,  3.50985385e-02
  1.28930963e+01,  1.27814049e-02,  3.45210654e-02
  1.29119458e+01,  1.34266328e-02,  3.39360387e-02
  1.29307954e+01,  1.40607634e-02,  3.33437492e-02
  1.29496449e+01,  1.46836626e-02,  3.27444875e-02
  1.29684945e+01,  1.52952015e-02,  3.21385442e-02
  1.29873440e+01,  1.58952572e-02,  3.15262097e-02
  1.30061936e+01,  1.64837117e-02,  3.09077738e-02
  1.30250431e+01,  1.70604528e-02,  3.02835264e-02
  1.30438927e+01,  1.76253737e-02,  2.96537563e-02
  1.30627423e+01,  1.81783730e-02,  2.90187521e-02
  1.30815918e+01,  1.87193549e-02,  2.83788014e-02
  1.31004414e+01,  1.92482287e-02,  2.77341911e-02
  1.31192909e+01,  1.97649093e-02,  2.70852071e-02
  1.31381405e+01,  2.02693169e-02,  2.64321342e-02
  1.31569900e+01,  2.07613772e-02,  2.57752562e-02
  1.31758396e+01,  2.12410212e-02,  2.51148556e-02
  1.31946891e+01,  2.17081850e-02,  2.44512135e-02
  1.32135387e+01,  2.21628102e-02,  2.37846098e-02
  1.32323883e+01,  2.26048437e-02,  2.31153226e-02
  1.32512378e+01,  2.30342373e-02,  2.24436286e-02
  1.32700874e+01,  2.34509485e-02,  2.17698028e-02
  1.32889369e+01,  2.38549396e-02,  2.10941182e-02
  1.33077865e+01,  2.42461780e-02,  2.04168463e-02
  1.33266360e+01,  2.46246365e-02,  1.97382564e-02
  1.33454856e+01,  2.49902928e-02,  1.90586158e-02
  1.33643351e+01,  2.53431294e-02,  1.83781898e-02
  1.33831847e+01,  2.56831342e-02,  1.76972413e-02
  1.34020343e+01,  2.60102997e-02,  1.70160311e-02
  1.34208838e+01,  2.63246235e-02,  1.63348176e-02
  1.34397334e+01,  2.66261078e-02,  1.56538568e-02
  1.34585829e+01,  2.69147600e-02,  1.49734022e-02
  1.34774325e+01,  2.71905918e-02,  1.42937047e-02
  1.34962820e+01,  2.74536199e-02,  1.36150125e-02
  1.35151316e+01,  2.77038657e-02,  1.29375713e-02
  1.35339812e+01,  2.79413549e-02,  1.22616238e-02
  1.35528307e+01,  2.81661180e-02,  1.15874101e-02
  1.35716803e+01,  2.83781899e-02,  1.09151671e-02
  1.35905298e+01,  2.85776101e-02,  1.02451289e-02
  1.36093794e+01,  2.87644222e-02,  9.57752669e-03
  1.36282289e+01,  2.89386744e-02,  8.91258837e-03
  1.36470785e+01,  2.91004189e-02,  8.25053881e-03
  1.36659280e+01,  2.92497123e-02,  7.59159965e-03
  1.36847776e+01,  2.93866154e-02,  6.93598931e-03
  1.37036272e+01,  2.95111930e-02,  6.28392288e-03
  1.37224767e+01,  2.96235138e-02,  5.63561213e-03
  1.37413263e+01,  2.97236505e-02,  4.99126540e-03
  1.37601758e+01,  2.98116800e-02,  4.35108762e-03
  1.37790254e+01,  2.98876827e-02,  3.71528020e-03
  1.37978749e+01,  2.99517428e-02,  3.08404105e-03
  1.38167245e+01,  3.00039483e-02,  2.45756448e-03
  1.38355740e+01,  3.00443908e-02,  1.83604120e-03
  1.38544236e+01,  3.00731654e-02,  1.21965828e-03
  1.38732732e+01,  3.00903708e-02,  6.08599075e-04
  1.38921227e+01,  3.00961091e-02,  3.04324934e-06
  1.39109723e+01,  3.00904855e-02, -5.96833301e-04
  1.39298218e+01,  3.00736090e-02, -1.19085846e-03
  1.39486714e+01,  3.00455912e-02, -1.77886393e-03
  1.39675209e+01,  3.00065474e-02, -2.36068524e-03
  1.39863705e+01,  2.99565955e-02, -2.93616180e-03
  1.40052200e+01,  2.98958567e-02, -3.50513691e-03
  1.40240696e+01,  2.98244550e-02, -4.06745776e-03
  1.40429192e+01,  2.97425171e-02, -4.62297551e-03
  1.40617687e+01,  2.96501729e-02, -5.17154525e-03
  1.40806183e+01,  2.95475545e-02, -5.71302603e-03
  1.40994678e+01,  2.94347969e-02, -6.24728092e-03
  1.41183174e+01,  2.93120375e-02, -6.77417695e-03
  1.41371669e+01,  2.91794164e-02, -7.29358519e-03
  1.41560165e+01,  2.90370759e-02, -7.80538072e-03
  1.41748661e+01,  2.88851605e-02, -8.30944265e-03
  1.41937156e+01,  2.87238173e-02, -8.80565415e-03
  1.42125652e+01,  2.85531952e-02, -9.29390241e-03
  1.42314147e+01,  2.83734454e-02, -9.77407869e-03
  1.42502643e+01,  2.81847211e-02, -1.02460783e-02
  1.42691138e+01,  2.79871773e-02, -1.07098005e-02
  1.42879634e+01,  2.77809711e-02, -1.11651489e-02
  1.43068129e+01,  2.75662611e-02, -1.16120308e-02
  1.43256625e+01,  2.73432079e-02, -1.20503578e-02
  1.43445121e+01,  2.71119733e-02, -1.24800454e-02
  1.43633616e+01,  2.68727212e-02, -1.29010132e-02
  1.43822112e+01,  2.66256166e-02, -1.33131849e-02
  1.44010607e+01,  2.63708260e-02, -1.37164881e-02
  1.44199103e+01,  2.61085172e-02, -1.41108544e-02
  1.44387598e+01,  2.58388593e-02, -1.44962195e-02
  1.44576094e+01,  2.55620226e-02, -1.48725231e-02
  1.44764589e+01,  2.52781784e-02, -1.52397088e-02
  1.44953085e+01,  2.49874991e-02, -1.55977241e-02
  1.45141581e+01,  2.46901580e-02, -1.59465206e-02
  1.45330076e+01,  2.43863294e-02, -1.62860536e-02
  1.45518572e+01,  2.40761883e-02, -1.66162826e-02
  1.45707067e+01,  2.37599103e-02, -1.69371706e-02
  1.45895563e+01,  2.34376720e-02, -1.72486848e-02
  1.46084058e+01,  2.31096502e-02, -1.75507960e-02
  1.46272554e+01,  2.27760226e-02, -1.78434789e-02
  1.46461050e+01,  2.24369669e-02, -1.81267121e-02
  1.46649545e+01,  2.20926616e-02, -1.84004777e-02
  1.46838041e+01,  2.17432853e-02, -1.86647617e-02
  1.47026536e+01,  2.13890167e-02, -1.89195537e-02
  1.47215032e+01,  2.10300349e-02, -1.91648470e-02
  1.47403527e+01,  2.06665190e-02, -1.94006386e-02
  1.47592023e+01,  2.02986481e-02, -1.96269291e-02
  1.47780518e+01,  1.99266012e-02, -1.98437224e-02
  1.47969014e+01,  1.95505573e-02, -2.00510263e-02
  1.48157510e+01,  1.91706953e-02, -2.02488518e-02
  1.48346005e+01,  1.87871936e-02, -2.04372136e-02
  1.48534501e+01,  1.84002305e-02, -2.06161297e-02
  1.48722996e+01,  1.80099838e-02, -2.07856214e-02
  1.48911492e+01,  1.76166310e-02, -2.09457134e-02
  1.49099987e+01,  1.72203490e-02, -2.10964338e-02
  1.49288483e+01,  1.68213142e-02, -2.12378139e-02
  1.49476978e+01,  1.64197023e-02, -2.13698882e-02
  1.49665474e+01,  1.60156884e-02, -2.14926943e-02
  1.49853970e+01,  1.56094468e-02, -2.16062730e-02
  1.50042465e+01,  1.52011511e-02, -2.17106682e-02
  1.50230961e+01,  1.47909739e-02, -2.18059269e-02
  1.50419456e+01,  1.43790870e-02, -2.18920989e-02
  1.50607952e+01,  1.39656612e-02, -2.19692371e-02
  1.50796447e+01,  1.35508663e-02, -2.20373973e-02
  1.50984943e+01,  1.31348709e-02, -2.20966381e-02
  1.51173438e+01,  1.27178427e-02, -2.21470208e-02
  1.51361934e+01,  1.22999479e-02, -2.21886097e-02
  1.51550430e+01,  1.18813518e-02, -2.22214716e-02
  1.51738925e+01,  1.14622182e-02, -2.22456760e-02
  1.51927421e+01,  1.10427096e-02, -2.22612951e-02
  1.52115916e+01,  1.06229871e-02, -2.22684035e-02
  1.52304412e+01,  1.02032105e-02, -2.22670784e-02
  1.52492907e+01,  9.78353805e-03, -2.22573993e-02
  1.52681403e+01,  9.36412635e-03, -2.22394484e-02
  1.52869899e+01,  8.94513060e-03, -2.22133098e-02
  1.53058394e+01,  8.52670430e-03, -2.21790703e-02
  1.53246890e+01,  8.10899934e-03, -2.21368188e-02
  1.53435385e+01,  7.69216590e-03, -2.20866461e-02
  1.53623881e+01,  7.27635240e-03, -2.20286456e-02
  1.53812376e+01,  6.86170552e-03, -2.19629123e-02
  1.54000872e+01,  6.44837011e-03, -2.18895436e-02
  1.54189367e+01,  6.03648917e-03, -2.18086387e-02
  1.54377863e+01,  5.62620380e-03, -2.17202986e-02
  1.54566359e+01,  5.21765321e-03, -2.16246262e-02
  1.54754854e+01,  4.81097460e-03, -2.15217263e-02
  1.54943350e+01,  4.40630324e-03, -2.14117054e-02
  1.55131845e+01,  4.00377232e-03, -2.12946716e-02
  1.55320341e+01,  3.60351303e-03, -2.11707347e-02
  1.55508836e+01,  3.20565443e-03, -2.10400059e-02
  1.55697332e+01,  2.81032349e-03, -2.09025981e-02
  1.55885827e+01,  2.41764505e-03, -2.07586256e-02
  1.56074323e+01,  2.02774174e-03, -2.06082041e-02
  1.56262819e+01,  1.64073406e-03, -2.04514505e-02
  1.56451314e+01,  1.25674022e-03, -2.02884832e-02
  1.56639810e+01,  8.75876259e-04, -2.01194216e-02
  1.56828305e+01,  4.98255898e-04, -1.99443866e-02
  1.57016801e+01,  1.23990599e-04, -1.97634998e-02
  1.57205296e+01, -2.46810491e-04, -1.95768841e-02
  1.57393792e+01, -6.14040545e-04, -1.93846634e-02
  1.57582288e+01, -9.77595085e-04, -1.91869625e-02
  1.57770783e+01, -1.33737199e-03, -1.89839071e-02
  1.57959279e+01, -1.69327152e-03, -1.87756237e-02
  1.58147774e+01, -2.04519633e-03, -1.85622395e-02
  1.58336270e+01, -2.39305146e-03, -1.83438827e-02
  1.58524765e+01, -2.73674441e-03, -1.81206818e-02
  1.58713261e+01, -3.07618508e-03, -1.78927663e-02
  1.58901756e+01, -3.41128581e-03, -1.76602660e-02
  1.59090252e+01, -3.74196142e-03, -1.74233111e-02
  1.59278748e+01, -4.06812917e-03, -1.71820326e-02
  1.59467243e+01, -4.38970879e-03, -1.69365617e-02
  1.59655739e+01, -4.70662250e-03, -1.66870299e-02
  1.59844234e+01, -5.01879499e-03, -1.64335690e-02
  1.60032730e+01, -5.32615346e-03, -1.61763112e-02
  1.60221225e+01, -5.62862756e-03, -1.59153888e-02
  1.60409721e+01, -5.92614948e-03, -1.56509341e-02
  1.60598216e+01, -6.21865387e-03, -1.53830796e-02
  1.60786712e+01, -6.50607792e-03, -1.51119578e-02
  1.60975208e+01, -6.78836126e-03, -1.48377014e-02
  1.61163703e+01, -7.06544608e-03, -1.45604427e-02
  1.61352199e+01, -7.33727702e-03, -1.42803141e-02
  1.61540694e+01, -7.60380124e-03, -1.39974477e-02
  1.61729190e+01, -7.86496837e-03, -1.37119755e-02
  1.61917685e+01, -8.12073054e-03, -1.34240293e-02
  1.62106181e+01, -8.37104235e-03, -1.31337403e-02
  1.62294676e+01, -8.61586088e-03, -1.28412397e-02
  1.62483172e+01, -8.85514568e-03, -1.25466581e-02
  1.62671668e+01, -9.08885875e-03, -1.22501257e-02
  1.62860163e+01, -9.31696454e-03, -1.19517723e-02
  1.63048659e+01, -9.53942995e-03, -1.16517269e-02
  1.63237154e+01, -9.75622430e-03, -1.13501182e-02
  1.63425650e+01, -9.96731933e-03, -1.10470743e-02
  1.63614145e+01, -1.01726892e-02, -1.07427223e-02
  1.63802641e+01, -1.03723104e-02, -1.04371890e-02
  1.63991137e+01, -1.05661619e-02, -1.01306002e-02
  1.64179632e+01, -1.07542250e-02, -9.82308103e-03
  1.64368128e+01, -1.09364834e-02, -9.51475575e-03
  1.64556623e+01, -1.11129229e-02, -9.20574776e-03
  1.64745119e+01, -1.12835319e-02, -8.89617956e-03
  1.64933614e+01, -1.14483010e-02, -8.58617274e-03
  1.65122110e+01, -1.16072230e-02, -8.27584789e-03
  1.65310605e+01, -1.17602931e-02, -7.96532457e-03
  1.65499101e+01, -1.19075086e-02, -7.65472133e-03
  1.65687597e+01, -1.20488693e-02, -7.34415562e-03
  1.65876092e+01, -1.21843768e-02, -7.03374377e-03
  1.66064588e+01, -1.23140352e-02, -6.72360098e-03
  1.66253083e+01, -1.24378506e-02, -6.41384124e-03
  1.66441579e+01, -1.25558313e-02, -6.10457735e-03
  1.66630074e+01, -1.26679877e-02, -5.79592085e-03
  1.66818570e+01, -1.27743323e-02, -5.48798203e-03
  1.67007065e+01, -1.28748798e-02, -5.18086984e-03
  1.67195561e+01, -1.29696465e-02, -4.87469193e-03
  1.67384057e+01, -1.30586513e-02, -4.56955456e-03
  1.67572552e+01, -1.31419147e-02, -4.26556263e-03
  1.67761048e+01, -1.32194592e-02, -3.96281961e-03
  1.67949543e+01, -1.32913095e-02, -3.66142754e-03
  1.68138039e+01, -1.33574918e-02, -3.36148697e-03
  1.68326534e+01, -1.34180345e-02, -3.06309700e-03
  1.68515030e+01, -1.34729678e-02, -2.76635519e-03
  1.68703525e+01, -1.35223237e-02, -2.47135757e-03
  1.68892021e+01, -1.35661358e-02, -2.17819862e-03
  1.69080517e+01, -1.36044398e-02, -1.88697124e-03
  1.69269012e+01, -1.36372730e-02, -1.59776673e-03
  1.69457508e+01, -1.36646742e-02, -1.31067478e-03
  1.69646003e+01, -1.36866842e-02, -1.02578345e-03
  1.69834499e+01, -1.37033453e-02, -7.43179124e-04
  1.70022994e+01, -1.37147014e-02, -4.62946537e-04
  1.70211490e+01, -1.37207980e-02, -1.85168731e-04
  1.70399986e+01, -1.37216821e-02,  9.00729522e-05
  1.70588481e+01, -1.37174023e-02,  3.62698887e-04
  1.70776977e+01, -1.37080087e-02,  6.32631177e-04
  1.70965472e+01, -1.36935527e-02,  8.99793669e-04
  1.71153968e+01, -1.36740873e-02,  1.16411197e-03
  1.71342463e+01, -1.36496667e-02,  1.42551343e-03
  1.71530959e+01, -1.36203467e-02,  1.68392722e-03
  1.71719454e+01, -1.35861842e-02,  1.93928426e-03
  1.71907950e+01, -1.35472374e-02,  2.19151728e-03
  1.72096446e+01, -1.35035659e-02,  2.44056082e-03
  1.72284941e+01, -1.34552304e-02,  2.68635121e-03
  1.72473437e+01, -1.34022928e-02,  2.92882663e-03
  1.72661932e+01, -1.33448163e-02,  3.16792708e-03
  1.72850428e+01, -1.32828648e-02,  3.40359436e-03
  1.73038923e+01, -1.32165038e-02,  3.63577214e-03
  1.73227419e+01, -1.31457994e-02,  3.86440592e-03
  1.73415914e+01, -1.30708191e-02,  4.08944304e-03
  1.73604410e+01, -1.29916311e-02,  4.31083268e-03
  1.73792906e+01, -1.29083045e-02,  4.52852587e-03
  1.73981401e+01, -1.28209097e-02,  4.74247551e-03
  1.74169897e+01, -1.27295174e-02,  4.95263631e-03
  1.74358392e+01, -1.26341997e-02,  5.15896486e-03
  1.74546888e+01, -1.25350290e-02,  5.36141958e-03
  1.74735383e+01, -1.24320789e-02,  5.55996074e-03
  1.74923879e+01, -1.23254234e-02,  5.75455046e-03
  1.75112375e+01, -1.22151375e-02,  5.94515269e-03
  1.75300870e+01, -1.21012965e-02,  6.13173322e-03
  1.75489366e+01, -1.19839766e-02,  6.31425966e-03
  1.75677861e+01, -1.18632545e-02,  6.49270149e-03
  1.75866357e+01, -1.17392075e-02,  6.66702995e-03
  1.76054852e+01, -1.16119134e-02,  6.83721814e-03
  1.76243348e+01, -1.14814504e-02,  7.00324095e-03
  1.76431843e+01, -1.13478974e-02,  7.16507507e-03
  1.76620339e+01, -1.12113335e-02,  7.32269900e-03
  1.76808835e+01, -1.10718382e-02,  7.47609299e-03
  1.76997330e+01, -1.09294914e-02,  7.62523911e-03
  1.77185826e+01, -1.07843734e-02,  7.77012114e-03
  1.77374321e+01, -1.06365647e-02,  7.91072467e-03
  1.77562817e+01, -1.04861461e-02,  8.04703699e-03
  1.77751312e+01, -1.03331986e-02,  8.17904714e-03
  1.77939808e+01, -1.01778033e-02,  8.30674588e-03
  1.78128303e+01, -1.00200417e-02,  8.43012568e-03
  1.78316799e+01, -9.85999507e-03,  8.54918068e-03
  1.78505295e+01, -9.69774514e-03,  8.66390672e-03
  1.78693790e+01, -9.53337348e-03,  8.77430131e-03
  1.78882286e+01, -9.36696177e-03,  8.88036360e-03
  1.79070781e+01, -9.19859166e-03,  8.98209439e-03
  1.79259277e+01, -9.02834479e-03,  9.07949606e-03
  1.79447772e+01, -8.85630272e-03,  9.17257265e-03
  1.79636268e+01, -8.68254695e-03,  9.26132975e-03
  1.79824763e+01, -8.50715882e-03,  9.34577453e-03
  1.80013259e+01, -8.33021955e-03,  9.42591571e-03
  1.80201755e+01, -8.15181017e-03,  9.50176356e-03
  1.80390250e+01, -7.97201150e-03,  9.57332984e-03
  1.80578746e+01, -7.79090414e-03,  9.64062784e-03
  1.80767241e+01, -7.60856839e-03,  9.70367230e-03
  1.80955737e+01, -7.42508431e-03,  9.76247944e-03
  1.81144232e+01, -7.24053159e-03,  9.81706692e-03
  1.81332728e+01, -7.05498960e-03,  9.86745379e-03
  1.81521224e+01, -6.86853735e-03,  9.91366054e-03
  1.81709719e+01, -6.68125341e-03,  9.95570902e-03
  1.81898215e+01, -6.49321596e-03,  9.99362243e-03
  1.82086710e+01, -6.30450272e-03,  1.00274253e-02
  1.82275206e+01, -6.11519093e-03,  1.00571435e-02
  1.82463701e+01, -5.92535734e-03,  1.00828043e-02
  1.82652197e+01, -5.73507816e-03,  1.01044359e-02
  1.82840692e+01, -5.54442908e-03,  1.01220681e-02
  1.83029188e+01, -5.35348519e-03,  1.01357317e-02
  1.83217684e+01, -5.16232100e-03,  1.01454589e-02
  1.83406179e+01, -4.97101040e-03,  1.01512830e-02
  1.83594675e+01, -4.77962664e-03,  1.01532383e-02
  1.83783170e+01, -4.58824233e-03,  1.01513604e-02
  1.83971666e+01, -4.39692937e-03,  1.01456860e-02
  1.84160161e+01, -4.20575898e-03,  1.01362528e-02
  1.84348657e+01, -4.01480165e-03,  1.01230996e-02
  1.84537152e+01, -3.82412712e-03,  1.01062663e-02
  1.84725648e+01, -3.63380438e-03,  1.00857937e-02
  1.84914144e+01, -3.44390165e-03,  1.00617236e-02
  1.85102639e+01, -3.25448634e-03,  1.00340989e-02
  1.85291135e+01, -3.06562504e-03,  1.00029632e-02
  1.85479630e+01, -2.87738351e-03,  9.96836118e-03
  1.85668126e+01, -2.68982667e-03,  9.93033837e-03
  1.85856621e+01, -2.50301857e-03,  9.88894114e-03
  1.86045117e+01, -2.31702237e-03,  9.84421669e-03
  1.86233613e+01, -2.13190035e-03,  9.79621304e-03
  1.86422108e+01, -1.94771384e-03,  9.74497899e-03
  1.86610604e+01, -1.76452329e-03,  9.69056408e-03
  1.86799099e+01, -1.58238818e-03,  9.63301860e-03
  1.86987595e+01, -1.40136705e-03,  9.57239355e-03
  1.87176090e+01, -1.22151745e-03,  9.50874058e-03
  1.87364586e+01, -1.04289597e-03,  9.44211201e-03
  1.87553081e+01, -8.65558213e-04,  9.37256080e-03
  1.87741577e+01, -6.89558756e-04,  9.30014048e-03
  1.87930073e+01, -5.14951177e-04,  9.22490519e-03
  1.88118568e+01, -3.41788023e-04,  9.14690960e-03
  1.88307064e+01, -1.70120809e-04,  9.06620890e-03
  1.88495559e+01, -6.60081516e-18,  9.02518921e-03
